PARENT_ID,DAY
151089,182
68233,1
172406,16
4203,8
10406,86
3104,164
16688,1
20657,56
57665,116
29608,12
22349,1
29613,33
29866,32
77384,2
63236,26
33612,25
47461,65
151431,20
30912,7
5650,137
32381,1
22914,22
95729,9
64457,79
153133,75
92004,6
64245,21
30309,12
65729,6
144844,15
151207,89
67983,2
90955,2
50664,3
85842,1
157519,79
22085,55
148530,90
163997,2
122456,17
153686,11
29751,5
40073,49
48748,54
64875,1
67913,16
12218,1
64182,45
154313,41
22420,24
97166,20
58127,2
58045,2
75177,14
21531,12
50806,5
37610,2
148279,7
26991,91
153786,9
22592,57
147264,7
100326,1
30126,38
21396,51
90530,144
20934,75
66904,115
2900,64
163583,1
3355,2
58055,5
64781,29
153959,156
157841,30
57957,23
54350,184
89768,1
54248,4
64529,37
79625,3
12385,18
79109,59
43873,20
57687,9
47233,16
80075,77
29591,67
98542,14
38833,4
20843,20
49398,3
19485,28
153960,24
32479,4
90621,12
87043,1
58171,25
20869,58
63432,33
22479,126
90985,29
123099,50
30330,186
58635,1
72262,2
65651,23
63578,30
157643,15
54278,17
9813,49
48988,5
154080,36
64735,22
168529,34
47213,2
90588,97
16842,1
94277,3
22571,49
100032,9
50604,6
58283,3
153814,41
30062,149
37256,5
180953,1
36412,15
147639,3
30307,26
65363,4
63914,59
153648,19
153357,18
66734,36
171472,3
54262,13
91219,6
80031,2
19729,5
17160,2
163727,1
73925,6
29567,1
54346,9
91479,8
122280,9
30402,2
64945,6
9776,12
3440,43
80873,5
95464,1
166949,4
122508,17
17146,21
151217,1
39534,17
72238,2
50272,8
49024,7
68229,1
81602,1
89866,2
163613,1
104095,3
122666,2
65331,6
49396,1
33630,5
65521,2
21561,4
68319,4
22150,1
97175,2
37748,1
42853,1
70333,47
4129,63
63402,138
50744,4
43240,7
47425,4
63380,4
154344,5
22684,2
68191,4
32521,2
147573,10
64050,42
57467,41
29879,19
43769,24
79443,8
157681,49
49862,1
30215,39
64226,1
91443,11
163901,3
101040,2
50438,7
68121,5
157813,20
57947,14
157967,8
21552,38
133274,1
148550,3
125301,37
30440,8
147868,8
139539,4
132753,13
81003,104
64681,26
36362,14
58287,6
51085,5
22111,5
11583,7
54556,53
85307,2
81722,3
181790,1
148470,6
171521,68
80786,3
153655,14
54088,1
70327,1
21480,7
21875,2
47317,11
60626,1
50502,1
66968,1
124387,4
83947,1
125479,15
3896,16
38179,71
37722,2
5569,28
79661,2
30464,7
54336,95
30445,23
54498,84
64905,1
95694,1
54236,55
123175,14
58015,1
29989,22
129699,23
167896,3
125203,6
57333,11
64363,105
91407,1
54320,25
153858,7
63886,7
34326,1
50886,4
21228,1
22826,6
64439,51
22623,20
50822,5
64629,15
80146,1
22118,36
3872,16
20284,13
169370,3
122926,3
9595,1
87067,9
101627,1
122216,8
32965,2
12087,24
151427,11
57897,14
171130,3
35525,6
150090,4
65307,7
104165,3
184804,14
139020,1
85859,1
57289,2
36372,7
50622,9
54416,14
157575,12
87031,2
129764,10
43110,3
68043,11
183595,12
22918,1
51059,5
58387,2
64693,7
12397,12
19547,2
30095,2
66800,9
68287,9
58589,26
64397,2
43122,1
22120,5
154229,5
122228,2
30457,2
147405,5
3799,1
47379,21
147367,1
96918,2
54564,26
65441,5
66724,21
75003,5
87053,1
77306,8
4945,14
69309,2
30065,7
58085,3
167878,8
81640,26
16928,2
90544,10
30031,7
25774,1
57895,42
173508,1
30174,11
63890,1
58033,2
3989,16
170238,6
20216,2
22802,16
49390,6
69748,1
22367,2
139505,4
154149,9
63564,2
49560,3
104063,2
50392,24
66726,25
184785,1
154118,3
12088,2
29942,13
3253,8
153771,2
64295,1
76867,1
4265,3
16382,1
11611,2
139052,3
94073,1
49502,46
171996,1
72356,10
78990,2
91505,2
186179,2
101264,3
10401,3
20628,12
94113,1
9833,1
73871,1
181979,3
22246,13
74793,4
30265,5
182018,4
35487,2
154129,6
30073,14
72202,2
157817,1
57887,4
91087,3
43086,1
21024,1
58279,1
49464,3
104324,2
66852,4
84757,6
152601,9
63872,6
147207,1
30926,3
37833,6
137542,1
89750,2
29816,4
12747,2
49960,1
170090,2
80966,5
70187,3
153783,1
63924,4
98759,1
4190,1
154335,7
150515,2
91347,4
4174,2
82416,1
50776,1
4373,1
47391,1
153896,12
19543,2
32999,2
86118,4
16184,1
122264,3
5454,5
163617,2
123183,8
12120,1
167566,1
68221,4
80025,3
22394,3
68141,2
122864,8
50878,2
80230,2
147533,1
63774,2
30131,4
132791,2
20342,3
66834,4
58603,3
87025,2
147767,2
69003,2
125029,15
91335,7
78232,2
172460,7
64895,2
183895,2
4009,1
158653,11
97906,1
179116,2
170989,2
22840,1
55209,2
81544,6
49770,2
104159,1
12053,3
9837,1
81504,2
47397,8
21850,5
76871,2
33616,3
57615,1
33766,1
173490,1
57847,5
80712,1
75589,1
153807,10
94211,2
50328,1
97378,1
58315,3
11693,3
65465,1
10236,6
79401,2
79903,2
81110,1
25414,1
53281,1
169850,3
58147,5
154270,1
163947,1
23012,2
74819,2
54270,5
38095,5
4595,2
14470,1
90733,4
68257,5
139527,2
80767,3
122726,1
151231,18
21851,1
163625,4
29648,1
171104,1
158459,7
53320,1
100484,1
64957,10
64563,2
90422,1
157861,1
164773,3
64517,5
38569,2
79253,1
30218,2
104039,2
139428,1
163911,2
50322,5
20455,2
58361,2
4820,3
47143,1
50450,2
151223,3
65219,4
29632,3
137720,1
97300,1
57653,1
163639,1
64637,2
10327,1
67755,2
29888,3
147609,2
29557,2
124957,1
163535,4
80878,1
63776,3
49884,2
22470,1
65579,3
64857,1
98520,1
49832,3
122486,3
5565,6
122498,2
47265,2
89914,1
67933,2
89720,1
169251,3
65731,1
49430,3
137644,5
30390,1
38023,1
122962,1
10201,6
4390,5
30240,9
37772,1
22089,3
58019,1
58495,4
76907,1
58465,1
97082,1
57807,2
33355,1
29849,5
19555,1
19789,1
86252,1
50012,1
22718,2
22192,1
154302,3
12536,2
157403,2
171140,1
79637,4
38499,3
22884,2
58117,5
74489,1
16348,5
147872,4
17202,1
11565,3
147389,1
9822,2
65689,3
70271,1
123127,6
138947,1
5151,3
157323,6
65185,1
65495,3
80176,1
84743,1
78643,2
75525,1
78166,4
21829,1
79573,3
163945,1
32549,2
184770,2
49114,2
12101,1
85557,1
173471,1
115973,3
65459,3
151511,3
22060,5
50378,1
22846,2
3786,2
85777,7
65611,1
81830,1
47345,2
26944,1
63272,3
30356,1
29677,2
21991,1
81036,1
26343,1
150115,1
21863,3
97424,2
157895,1
32613,5
30252,1
20797,2
97786,1
167845,2
21039,1
80132,2
82856,1
37817,2
16366,2
65427,2
89850,1
167990,2
96842,1
4393,2
50768,1
126521,2
54298,2
57829,2
22020,3
47568,2
64373,1
122698,1
38093,1
63522,1
16298,1
80674,2
64379,3
57791,3
50422,4
49702,1
51025,1
50756,2
132733,1
38485,1
35551,1
22278,2
80190,1
40973,1
4209,2
21536,2
153683,1
48770,4
88344,2
122586,1
133584,1
29871,4
82322,1
49554,3
59570,2
100902,1
68253,1
79204,2
79663,1
3274,4
85443,1
188552,2
29927,3
163619,2
69027,2
132805,2
50492,1
47387,3
43096,3
21837,1
4406,3
58643,3
21845,1
20673,1
3798,1
44095,1
30304,2
11767,2
75051,1
167037,2
5304,2
38583,1
30289,1
66794,1
63286,1
154198,1
73961,1
147459,1
63508,2
86196,1
200450,1
98713,1
183114,2
97408,1
137778,2
153339,1
101098,2
60558,1
65847,1
64030,2
85853,1
88972,1
95314,1
57649,3
100846,1
29626,1
170998,1
65081,1
63764,1
60056,1
97450,1
153279,3
184812,2
137752,2
33598,1
94892,1
158891,1
47585,1
23237,3
63474,3
64941,1
130138,2
85999,1
179143,1
50726,1
89226,1
91159,1
139553,2
163695,2
170004,1
33620,2
38797,1
79171,2
101685,2
54638,1
164039,2
79487,1
124426,2
172422,1
97794,5
29701,2
154316,2
47225,1
58451,1
11617,1
29734,1
57831,1
22980,1
30224,4
4011,1
97480,3
60238,1
47115,1
157533,1
153882,3
17585,1
152753,1
20725,2
132767,2
3787,1
158925,2
66874,1
50200,1
65585,1
37234,1
64751,1
147749,1
97084,1
96822,2
79143,1
40619,1
96902,1
65511,1
37404,1
50540,1
132799,2
139587,1
30423,2
103817,1
157733,1
54008,1
78979,1
78845,4
63576,1
22368,3
167843,1
81686,1
153315,2
153469,1
26640,1
38361,1
73411,2
63926,2
76943,2
38683,1
137588,3
20858,1
66812,1
97796,1
76897,1
50044,3
65487,1
122458,1
166200,1
123109,1
163605,1
5287,1
22446,1
75633,1
3184,1
57941,1
50656,2
74665,2
75027,1
29587,1
97171,1
79447,1
122350,1
79617,1
9950,1
79633,2
132757,1
86308,4
50000,1
59592,2
22372,1
22583,1
44349,3
59410,1
33373,1
122570,1
42935,1
96930,1
65305,1
87928,3
153751,1
33584,2
183605,1
11909,1
22094,2
26281,1
153795,1
170320,1
83167,1
170040,1
35561,1
90058,1
89950,1
200205,1
49954,1
67709,1
22387,1
122478,1
89764,1
79615,1
29763,2
122292,1
89938,1
151459,1
163899,1
29826,1
170226,1
133675,1
29939,3
65097,1
22850,2
100316,1
20364,1
21892,2
81498,1
139459,1
79347,1
49294,1
82261,1
97314,1
50352,1
12255,1
154248,1
200185,1
37244,1
183125,1
21729,1
32857,1
21513,1
93942,1
76979,1
65215,2
47235,1
63896,1
68111,1
122286,1
49416,1
22268,1
50294,1
39386,1
90426,1
148281,1
30273,1
79393,1
72266,1
177481,1
49572,1
196680,1
16812,1
122182,2
80600,1
64235,1
154173,1
50326,1
29835,1
125245,1
95819,1
29756,1
49976,1
21267,1
50818,1
39818,1
50138,2
43156,1
30120,1
154295,1
195003,1
30720,1
137788,1
124115,1
20168,1
82057,1
188290,1
49424,2
50734,1
153958,1
72134,1
100910,1
33343,2
163541,1
91555,1
48690,1
57627,1
31071,1
49420,1
49542,2
130273,1
157645,1
79555,2
16834,1
21848,1
66976,1
191400,1
34717,1
60398,1
97076,1
3629,1
139429,1
188629,3
58531,81
9860,6
65613,204
158721,22
37682,2
91465,21
157711,127
49714,157
63934,1
22171,86
21823,22
11787,37
65589,39
32383,115
166901,75
90440,1
65795,2
22014,15
158047,4
63606,1
57557,76
132016,10
157777,12
22132,100
10062,186
79659,5
84845,22
172211,31
50682,22
65231,9
47562,4
125758,3
22369,28
4092,16
29819,56
81827,1
21524,234
154311,93
147777,56
78132,27
30948,11
75667,151
129787,3
157289,15
65091,17
63196,23
29896,156
63726,1
51099,1
30214,13
97784,65
75327,5
4394,7
30148,23
54526,31
58023,7
85913,2
178903,59
63590,18
20861,12
69740,3
152835,1
80188,2
54448,25
30386,44
29856,7
94894,123
75373,18
3818,70
30430,15
65135,23
57781,1
74993,8
50736,2
63720,8
139619,41
54284,45
75349,89
57643,21
91185,9
66692,81
4713,7
30287,6
91549,7
4246,24
10929,54
21831,7
57777,3
21528,17
124393,1
47642,25
157853,7
57815,4
63214,47
76985,1
3571,39
57695,10
163637,10
75567,36
10230,62
76875,6
63786,12
97028,3
58621,2
14564,1
154253,16
153972,99
100772,26
148510,4
30009,6
35563,8
67719,10
148501,5
68001,17
64813,1
32873,4
129701,2
5185,1
59746,2
65083,23
57943,39
47299,2
148316,2
191494,5
22275,39
80083,3
22117,17
4872,1
11779,3
78090,3
3153,10
22397,43
64000,58
21261,36
37348,2
63970,22
75025,47
86272,1
153191,1
153693,3
147545,1
157555,7
51035,7
43250,2
63810,17
129749,6
69311,2
75433,1
87071,11
57551,5
54058,1
63908,3
57415,17
87061,16
58217,7
21876,8
76967,6
4247,3
175015,3
10035,1
64381,27
65309,24
38739,3
3755,1
88794,2
78861,1
154321,4
80021,1
11867,1
169851,2
97328,8
4594,174
38965,5
35713,1
122958,7
25668,18
56990,1
68155,2
138992,2
30099,32
47363,6
97042,1
50420,22
58651,7
63942,5
65423,34
75017,21
51115,8
58413,6
171072,22
22552,36
179625,1
144856,10
75501,13
124428,12
49392,68
15120,7
43653,30
3276,12
22107,10
20220,3
64453,19
20883,39
30061,1
29901,8
49540,5
65745,3
22564,39
148363,12
89630,1
97498,9
50842,1
49564,2
80536,1
65445,35
122780,17
90933,129
144843,1
30059,8
20160,1
22618,15
22587,1
144879,47
65705,4
170138,1
47367,17
11677,22
158627,1
139533,5
90729,3
51067,1
122674,1
64671,4
153067,2
63560,19
151225,12
91125,5
36414,19
122230,1
63398,11
63536,8
102033,3
67935,9
79609,1
129872,10
57577,2
66716,4
30342,39
12388,8
79557,1
65591,9
47403,12
137482,3
69549,19
79074,7
65019,15
147337,2
40213,3
49602,7
49852,6
129722,7
54404,16
30112,1
157699,4
20162,4
58511,4
122692,1
9714,13
65869,9
79959,20
59398,1
22379,1
63250,10
44255,8
22208,1
64020,6
58617,18
11713,4
72142,14
153863,1
139469,2
9964,3
101468,13
43266,9
30222,4
133615,2
5150,3
150661,1
4173,7
147485,1
38921,4
50410,5
75505,6
11557,4
154216,6
132675,1
29932,1
132789,2
80130,7
80954,4
154307,3
78538,4
33562,1
66748,7
73362,2
21439,1
158825,2
65617,5
58069,2
91337,22
79623,3
80974,1
151473,5
157585,1
30063,3
80540,3
156499,14
148165,6
148542,13
30139,3
58133,6
9899,4
30159,1
100470,4
64869,3
147583,2
29893,9
3013,8
5268,5
9980,2
74587,1
90897,9
163539,2
43200,2
22680,7
63880,3
78276,2
76825,2
158753,1
75733,6
151293,18
29757,7
131976,1
97370,2
9903,16
80983,8
64080,2
171044,2
47229,1
81146,5
97316,1
50672,23
163889,1
157543,2
34348,2
47335,2
65503,4
91089,1
74917,2
30070,13
54430,2
30313,8
171500,1
132717,1
2883,9
92116,1
47578,1
47237,11
163775,4
22390,2
139583,5
63734,3
78340,9
74603,1
139473,2
30257,5
137650,1
51071,2
65489,6
154127,1
122518,2
81007,1
43090,2
16878,1
96904,1
152751,2
58331,52
4811,2
58553,13
126226,3
66611,1
123887,1
79389,1
191576,1
170242,2
29741,2
34266,2
65649,2
29691,2
147571,3
22708,8
58585,22
38575,4
37845,1
188931,3
33570,5
47409,2
4149,9
40051,2
5546,3
80650,5
91539,2
72178,2
68063,18
122220,1
122662,1
81006,11
29570,10
57535,1
80101,1
69086,4
151151,4
91449,1
50500,1
66902,1
57835,1
57451,2
10733,10
158601,1
49618,5
122872,1
9740,2
3769,5
29852,2
29957,1
65811,3
47137,3
44279,2
163729,3
43108,1
122652,2
50126,2
58385,10
116528,1
2881,1
151309,15
38909,1
175212,2
65217,1
50348,3
32757,3
32945,11
22335,1
58419,6
122610,1
21987,2
188683,2
151205,2
157587,3
69301,3
3565,1
54402,6
30334,5
49590,8
17601,1
122462,2
80940,1
80911,3
154294,15
90214,4
80458,1
54528,1
148300,1
148494,2
57323,3
38007,5
202884,1
21174,9
21826,1
91187,4
23008,1
145236,2
68269,9
190424,1
65403,3
89988,1
151499,1
47443,1
81041,3
66728,1
32551,2
154068,1
147827,1
167980,1
22804,1
189996,8
9614,3
20326,3
11563,2
16588,2
43284,2
5030,14
169666,1
188899,3
75535,7
130323,3
54458,4
29647,18
148538,5
30135,4
13282,1
17646,3
73504,2
139446,1
43154,1
16356,1
47281,10
63868,1
80592,1
80216,1
153841,1
153685,1
67969,1
38247,5
30728,5
101260,2
151167,2
57859,2
35322,1
63746,3
37546,1
75369,2
50670,8
50904,2
175957,3
19583,2
49046,1
50016,1
101000,1
26548,2
51079,1
75387,3
48804,1
29595,3
79797,1
22662,1
65453,3
4437,2
104163,2
57487,2
47650,3
139442,1
65629,2
50478,6
43184,2
50354,3
65303,6
89646,5
15285,1
20792,1
22103,2
29843,5
168830,2
25716,1
91399,5
65771,2
91557,1
96866,3
175942,1
132669,2
74263,3
65471,1
100180,1
66866,1
147771,10
64543,6
132671,1
73999,1
57931,1
148318,1
163499,1
49538,2
90799,3
30714,5
38453,8
91291,1
96924,1
12026,2
90368,1
63458,2
169671,1
49104,1
51031,1
90012,3
160172,1
95672,1
25773,2
16338,1
50596,1
122756,3
34280,1
137756,2
14376,2
21272,1
153873,1
29643,3
147700,2
147631,1
63800,1
85347,1
47524,1
35423,1
47151,3
49124,1
29933,1
132903,2
29711,1
148153,1
154283,2
57983,2
89718,2
37394,1
90436,1
74267,2
91365,1
3387,1
89044,1
9752,1
123155,2
54502,2
130290,1
157295,2
95428,2
30932,1
21244,2
74869,1
67661,2
183011,2
129718,3
75363,4
121192,1
72218,1
57012,1
80484,2
5627,1
58301,2
97502,2
63336,1
76883,2
78964,3
96934,1
85903,1
16448,2
164736,1
12189,1
66510,3
29884,4
80800,1
12467,1
73584,2
22080,3
145358,1
39013,4
19595,3
64455,2
186921,1
90190,1
79395,1
47423,1
22577,1
19899,2
58405,2
147743,1
47145,1
47205,1
50868,2
30233,1
94856,1
49162,1
43641,3
97189,1
90937,1
174448,5
130120,2
52434,1
86154,2
104109,1
66696,5
171114,1
132679,1
57407,2
103832,3
125213,2
53272,3
12169,1
80734,1
163635,1
137536,1
170350,1
33628,2
29594,2
43118,1
30324,1
11831,2
90186,1
64403,1
66720,1
51089,2
22508,3
69035,1
50066,1
153473,1
67991,1
89748,1
33610,1
163621,1
57303,1
25041,1
100770,2
178709,1
182959,1
176751,1
147393,1
33560,3
139535,2
19529,1
68317,1
4185,1
176628,2
104167,1
73923,2
157167,1
30417,1
29669,1
4318,1
72104,1
90532,2
154305,2
72288,1
30044,2
31040,1
175772,2
89738,1
29818,1
55219,1
57981,1
69269,2
63948,2
80069,2
184683,1
73849,1
157413,1
188925,1
74743,1
79627,2
63300,1
80204,1
63206,1
64741,2
122920,1
163553,2
71226,1
163915,2
90566,1
67886,1
163865,2
183802,1
124902,2
29678,1
86065,1
154312,1
78871,1
97386,1
29854,1
72284,1
139465,1
92279,1
80544,1
43188,2
22904,1
153662,1
65337,1
39023,1
51109,1
11885,1
69907,1
139016,1
90338,1
12588,1
49798,1
59158,1
37172,1
94898,1
50746,1
22361,1
58153,1
11875,1
78635,1
90492,1
11743,1
79567,2
69319,3
64871,2
169695,1
79161,1
153721,2
54372,2
21616,1
65925,3
158156,1
68263,1
94241,2
122332,1
63180,1
53258,1
132781,1
38491,1
57583,1
148564,2
38809,1
77766,1
47633,1
171062,1
58075,1
73983,1
68109,2
58557,2
139467,1
63906,3
20875,1
75057,2
101134,1
51113,1
153850,1
68143,1
11863,2
22139,1
11721,1
176012,1
50538,1
48692,1
93925,1
122858,1
147645,2
153439,1
79953,1
186839,1
21873,1
94273,2
139022,2
47321,1
54462,2
22033,1
151277,1
37630,1
3111,1
10918,1
4026,1
170766,1
122564,2
94097,1
66860,1
50528,1
57673,1
21352,1
59396,1
66888,2
22074,1
96858,1
9923,3
20890,1
63506,1
69355,2
57679,1
79967,1
49614,1
63202,1
103853,1
32451,1
94796,1
90218,2
4951,1
90669,1
50038,1
80468,1
70023,1
171036,1
168901,1
94822,1
139070,1
50174,1
31099,1
57727,1
29922,1
89884,1
97428,1
159385,1
150975,1
100162,1
122178,1
58457,1
153819,1
30185,1
191151,1
183171,1
57663,1
54932,1
49566,1
139577,1
87119,1
90416,1
54454,1
151471,1
22183,1
79066,1
65673,1
67947,1
170142,1
3035,1
97284,1
66894,1
11619,1
44009,1
25893,1
40300,1
29850,1
22168,1
20845,1
97022,1
79597,1
30376,1
79775,1
47339,80
4606,6
3386,69
29769,150
19619,19
20667,12
50232,1
29880,45
64691,3
22101,55
89662,1
65297,4
9670,1
57469,53
122474,2
58421,7
148152,22
75493,13
139485,2
84015,1
9893,139
124884,11
69371,10
30048,76
57633,77
139482,8
81500,99
22888,77
63750,211
90046,17
22059,3
157761,40
22748,2
69935,4
9961,4
81127,7
66374,24
80327,3
58333,28
54426,10
37728,4
122398,25
103815,4
171086,2
9702,15
64279,7
50356,14
30372,43
154155,1
30255,8
49382,75
67937,21
50770,3
29923,5
90168,1
147825,70
94185,2
30188,8
100528,1
81456,9
168556,8
75023,1
22906,1
68093,16
74671,121
66928,26
65043,37
30208,66
90927,19
22597,98
97348,172
57717,42
91463,6
63968,3
148497,141
139470,3
148540,11
49486,9
91145,2
125204,72
30425,34
4440,58
63436,23
36404,29
81042,88
91649,2
138931,1
79883,11
125064,1
68283,55
51101,1
11861,10
50636,1
73624,1
34236,2
139649,9
148534,6
4242,10
81414,2
49436,128
95280,13
23401,137
97205,6
70323,71
67831,28
32519,21
95484,2
54254,11
38823,1
22159,117
65663,11
49412,2
194745,1
31030,20
75427,7
86344,2
30341,32
65605,1
133668,5
63244,24
78236,48
63280,1
148548,54
151341,3
11995,23
122510,68
58371,4
29965,7
65681,36
16296,2
57977,1
33632,9
12547,20
132811,3
20009,7
57495,1
67931,2
30350,8
138934,2
152855,6
65479,18
58157,1
57321,4
157859,36
58349,21
57911,1
157625,1
54492,131
171496,2
54384,21
78962,7
152819,10
30080,34
75665,1
4235,7
92096,1
68245,26
168415,1
101749,1
51043,5
58163,4
32929,2
80208,9
3709,63
124945,6
199743,2
152891,4
53930,3
21866,4
69945,14
75379,26
64687,23
19587,7
3863,15
54382,6
91481,7
50616,141
54016,2
51018,6
79611,4
47333,122
169698,2
40251,4
48995,15
21294,28
36376,5
22047,15
34322,26
4601,47
64623,40
87015,6
43252,20
21874,12
64929,22
65711,5
48958,31
22732,1
9698,1
166978,13
6136,14
93933,3
101178,13
68261,5
154337,1
139455,3
30406,1
153151,35
164009,3
90222,22
65359,6
65193,5
101599,38
65395,6
64321,3
91541,2
187269,2
63418,9
10952,51
168859,27
169787,2
137797,4
65061,2
63938,31
164021,2
22575,38
158619,1
100152,2
147489,6
147451,9
153974,4
68211,35
148287,5
9976,6
58319,6
57803,5
152943,24
54378,5
79799,9
117295,15
147864,5
184261,1
4037,19
77029,2
22102,16
169173,11
54822,35
11667,1
3594,15
55223,1
91213,22
57595,8
44323,4
30202,44
64401,6
90965,28
148505,7
20838,11
59406,3
64979,63
22306,10
90591,17
25674,15
38901,1
72198,1
154291,30
92014,1
154098,1
63644,15
21518,15
75365,9
12035,1
64711,1
144846,7
50402,2
22690,1
159247,1
178423,1
43152,2
176615,1
30361,4
91061,1
122328,6
58201,10
64851,6
163493,1
43076,2
64239,36
30734,7
159384,3
104175,1
139515,3
5081,6
78743,3
3922,19
76999,17
90352,1
123149,16
19565,4
132795,5
103943,18
30101,6
65737,4
58059,4
190962,5
43547,1
47295,1
57707,10
38631,2
30389,5
12199,24
65813,5
51125,1
123151,3
176758,3
65639,23
63282,6
38557,1
170341,6
171118,35
50924,13
154230,18
65329,1
3002,10
50050,1
80005,1
91167,10
80935,20
20278,6
87055,13
158609,8
91231,9
64269,22
82263,4
157787,7
49914,1
90402,2
50930,1
58051,2
124894,6
49932,23
122416,4
30155,9
5042,6
57481,7
94037,2
194844,3
97352,3
75045,2
37987,26
57525,3
2914,3
30315,14
47201,3
80244,2
122830,2
151259,24
64837,2
29863,4
63826,4
30090,4
148293,2
4156,7
124087,5
153728,6
72092,1
50296,1
147553,3
178972,6
80606,1
139615,11
75465,2
158443,2
163581,3
32963,2
123211,1
189358,5
39862,1
29590,13
66676,10
22398,7
4442,3
65005,1
47658,5
60220,2
137532,1
50224,1
49422,5
49386,2
57857,3
30049,4
86067,2
95012,4
53970,6
3966,7
95162,1
11903,3
14318,2
50300,5
80019,5
50370,1
97193,1
57601,8
125094,1
54348,4
51153,5
65049,1
58417,2
193725,1
130994,1
20881,1
33586,1
30910,4
103966,1
158027,29
58161,4
137660,2
65237,5
95742,1
50922,3
200513,1
179176,1
21906,1
81021,8
30119,1
47092,5
49962,2
3326,3
22890,2
3980,4
139501,2
38119,1
21707,3
9643,7
66287,3
50110,2
78206,2
16828,2
32777,3
79481,3
73740,6
19815,2
63226,1
12081,1
29744,8
47435,3
70826,1
73560,4
74691,2
89514,1
139426,2
174495,1
59326,4
74501,3
74973,3
12044,2
17613,2
104031,5
22399,10
19759,1
101693,1
176768,2
5225,1
57797,2
30258,12
179186,1
124432,2
65103,2
65525,6
85105,1
131156,1
147790,3
37801,2
50490,4
153706,7
18570,1
89342,12
63266,2
54926,1
90657,1
151535,1
80844,4
48221,3
93656,6
21093,1
50320,2
79477,3
19567,2
148553,4
90094,1
50058,3
4231,2
122488,1
65449,2
76893,5
20807,1
58329,2
68193,2
101096,2
67919,4
168377,3
29934,5
64951,2
158043,1
3883,3
29928,2
33566,2
50024,1
58341,1
171040,1
9607,3
57793,5
168832,1
57817,3
30732,2
30327,4
158213,1
79731,1
30914,1
154285,1
64571,7
21097,4
123093,6
80646,4
104111,2
78258,1
76809,5
20604,1
36418,1
148452,2
4045,1
49594,1
53946,1
50554,1
54706,1
66898,1
56049,1
43194,1
80550,2
157661,3
159083,7
72214,2
57961,14
30201,1
153978,2
4094,2
122568,1
64333,9
4745,1
101090,2
50040,1
49050,1
50130,2
150017,2
67901,4
147519,1
137682,6
26114,1
54582,3
79619,1
151233,3
153487,6
32897,1
157447,1
152949,3
50434,1
60658,1
49900,2
189027,3
30164,2
80390,1
66708,1
64002,1
19507,4
32643,6
181787,7
57513,2
122896,2
97210,4
22780,1
58305,5
16876,1
63502,4
75081,1
151453,1
50474,1
65143,1
54296,3
64859,3
49978,1
22778,3
148291,3
29968,3
186252,2
122670,4
173437,9
97012,1
89404,2
80172,1
154342,4
157907,2
49984,1
148503,1
29584,4
63544,2
73688,3
17140,3
152727,8
70201,1
55321,1
64391,1
132759,1
5062,1
68231,1
95374,1
176748,1
79755,1
63274,2
90152,1
157423,1
47096,9
122394,1
171090,2
69981,1
80351,1
29973,4
192822,1
63216,2
80148,2
170956,1
30381,4
43142,1
153937,2
147879,5
176623,2
5020,1
29824,3
75067,1
65567,2
100636,1
164447,1
40707,1
20210,1
79643,1
87896,1
54256,1
63664,1
147823,5
29876,7
63260,1
122324,1
154164,1
10864,4
76723,1
53950,2
87035,1
49718,1
51151,1
122902,1
80893,1
137664,1
50846,1
177266,4
37618,2
29618,1
22344,9
137740,2
54954,2
64589,2
58257,1
138959,1
48639,2
158791,2
21973,2
50452,2
173331,1
65073,2
122396,3
48774,1
5011,1
3714,1
78182,2
20812,1
179297,2
43633,1
89716,1
124073,1
104486,1
147493,4
65023,4
79305,1
22894,1
163813,1
164143,1
47627,1
34044,1
29645,3
20854,3
63396,1
84787,1
38389,2
22167,3
54578,1
57607,4
39864,2
37422,2
94728,1
22307,2
50280,1
70111,1
68146,1
148495,1
81696,1
29894,1
100118,3
169845,1
49818,1
66820,2
11955,1
96878,1
74963,1
82610,1
80067,1
182828,1
37861,1
78825,4
3953,3
70337,1
148472,1
173442,2
55130,1
16880,1
22934,1
19539,1
38601,2
79639,1
63498,2
36416,1
75295,1
76697,1
69335,1
90793,2
63850,1
132779,3
97934,3
78915,1
86372,1
139503,1
69553,1
74597,3
47189,1
30902,2
38687,1
151183,1
68301,2
2886,3
130333,1
170094,1
53924,1
80091,1
58065,1
64545,2
49328,1
139439,1
89782,1
49830,1
177516,2
171066,1
4091,4
64765,1
122512,1
137513,1
96830,1
50362,2
64825,1
43210,1
68149,1
165402,1
67014,1
58111,1
122718,1
147981,2
147511,1
63866,1
22113,1
159139,1
20437,1
63554,3
55311,2
5391,1
34474,4
151020,2
86220,1
38045,1
63420,2
153719,2
54434,1
89780,2
122868,2
94378,1
20627,1
5134,1
174596,1
188612,1
11935,1
90787,1
5017,1
20795,2
51073,1
92176,2
66990,1
130794,1
66988,2
147357,1
86035,1
153845,1
43114,1
21252,1
195067,1
51075,1
97908,1
64311,1
96852,1
80642,4
30956,1
29709,1
177648,1
16892,1
72344,1
4221,1
58455,1
29674,1
21313,1
63640,1
4940,1
176201,1
65211,1
30316,1
57360,2
177788,2
147205,1
94904,1
12082,1
79997,1
65685,1
176533,1
31081,2
101112,1
87612,1
54302,1
92032,1
73819,1
179285,1
30227,1
132813,1
21832,2
104087,1
50916,1
54584,1
43220,3
80828,1
152883,1
20862,1
97490,2
157351,1
157757,1
139447,1
65051,1
58289,3
64359,2
50210,1
75495,2
54366,1
50150,2
47349,1
49892,1
57739,1
122784,2
177677,1
65523,1
16866,1
75055,1
122254,3
17718,1
96972,1
75345,1
47323,1
145510,1
73564,1
69029,1
153661,1
72174,1
150972,1
97318,1
11877,1
12401,1
199806,1
150755,1
153668,1
50730,1
98488,1
94298,1
94738,1
80345,1
91459,1
54109,2
96948,1
50226,1
163877,1
20896,1
154323,1
158851,1
65209,1
38743,1
85401,1
70101,1
80228,1
11607,1
21249,1
154304,2
57493,1
69031,1
64151,1
34832,1
64451,1
90380,1
50026,1
81350,1
177953,1
139046,1
69315,1
49898,1
35377,1
154277,1
90959,1
3921,1
12004,1
65411,1
50430,1
171151,1
64911,1
84907,1
64060,4
172144,56
20969,68
78843,1
20550,3
57719,38
91141,3
22408,55
49860,62
29640,23
157607,4
64078,22
80640,23
4959,22
58139,64
81094,13
38837,144
64297,200
153649,32
47203,8
30244,48
148520,5
154225,1
50134,60
17627,1
68007,18
153940,19
18542,1
4080,28
30918,1
163615,135
153796,3
48109,6
137770,2
10204,100
91493,53
20473,44
64421,9
16236,1
91325,10
54488,2
80272,2
123981,28
12290,35
64481,20
163579,5
49048,127
58497,24
30295,18
4036,101
4259,38
117291,49
152739,1
192061,4
68175,11
63824,1
158051,8
63614,13
80820,2
66958,2
47620,4
148489,1
148474,33
122778,4
139661,28
3307,11
158041,66
158625,8
97980,1
81474,49
58231,1
147817,50
70315,23
89904,103
63738,11
80871,39
9759,9
64459,3
9652,81
63538,37
66700,4
139667,4
22002,1
49480,1
64953,28
79100,14
58039,4
57559,2
80857,12
63228,88
49404,19
57507,25
40378,1
64997,2
151071,80
81362,2
122484,48
11897,3
163551,1
80866,51
63356,27
73865,1
80492,1
58237,13
64293,6
58337,13
69965,1
63534,52
2884,43
29926,9
56453,2
180569,1
193908,7
50602,5
50314,3
63618,1
169647,5
152911,20
58245,2
47522,3
57907,73
30074,23
3693,7
149840,1
158717,5
20260,5
122322,28
11577,24
38405,7
96848,1
139000,6
97336,4
91389,1
75725,2
58529,4
65077,7
159340,14
95390,2
167581,49
21841,16
5166,1
153709,6
73929,1
74907,4
158071,21
64537,10
22752,2
12533,2
68011,2
65977,2
58359,7
11711,4
30346,3
29556,9
100196,1
38441,1
122752,1
64789,4
68247,8
51002,2
12173,4
122860,12
21868,27
47125,5
30944,1
157665,2
64066,15
35415,10
80913,5
85547,17
64547,115
66918,176
58459,21
72140,1
30271,66
125031,14
152609,38
30067,16
50932,14
9780,160
33634,2
139468,5
21229,86
19847,21
125215,31
63178,8
92389,3
175967,18
94902,9
63642,3
49586,2
152593,13
60260,1
63328,2
65065,10
30226,32
4468,29
35417,25
157169,3
57443,29
157903,15
20891,22
130206,5
63452,2
53268,1
30282,17
157381,4
29599,3
50442,2
69353,29
65277,2
152693,7
30220,3
67989,1
174763,1
123113,17
43074,1
90903,1
9814,1
179610,61
47353,12
157209,14
22175,6
66912,16
147779,39
170224,1
65653,29
48657,13
148305,2
194578,1
180480,1
64705,6
30934,3
74897,2
101734,18
20860,12
66862,13
35421,10
3563,31
79559,7
139665,2
44187,4
139138,2
90384,2
171120,25
65323,7
163511,26
124107,5
20676,2
54276,46
63254,7
70045,5
149634,13
63234,34
64667,1
11641,1
30396,6
81119,27
68255,2
68177,10
50464,5
49378,24
38517,1
147392,10
170583,1
152917,1
147439,9
50600,3
104073,2
12047,9
137811,19
9590,1
152675,4
79649,1
147483,1
64407,3
69297,2
4998,2
3004,9
147531,2
126523,25
66344,1
3071,2
148557,5
22569,2
137704,8
148555,2
16806,1
64353,23
47277,39
64523,66
151163,9
37752,7
81652,18
123899,6
151165,1
47421,4
54534,2
64178,14
29931,13
39063,1
87027,2
69299,5
58247,3
147535,5
65703,3
139082,9
87009,3
80164,1
147819,5
9645,4
21121,2
14466,9
30424,20
22471,1
54344,2
59220,1
49102,2
89664,3
30359,2
22870,1
157779,9
153756,11
122310,3
10729,8
133666,6
147591,1
122450,1
168505,1
91563,4
87065,4
89928,9
64533,6
103825,10
80748,5
64425,6
133716,1
75585,1
68219,1
63892,4
69096,7
64092,10
148536,3
63392,1
38097,7
44303,2
66840,4
29703,1
148275,1
152897,6
65301,1
65839,1
78196,1
171088,2
80598,3
98452,1
48892,1
77007,1
4380,2
80162,1
78986,1
57677,1
53289,3
66718,1
21838,3
170326,1
164023,1
97396,2
38633,10
122406,8
22406,2
122520,2
72280,1
183268,2
32973,1
124564,1
123195,1
101751,1
16304,3
95671,1
80043,2
94101,2
30057,7
65085,2
151239,3
81340,1
37708,1
32983,1
151161,4
49794,2
31545,1
65093,1
63264,1
58353,12
65447,9
124908,6
91401,2
32949,3
157637,7
4180,1
147797,1
63930,1
42959,1
57523,3
154237,2
151119,15
43216,1
51107,2
64110,3
122906,1
50216,4
97177,1
152747,3
52296,1
80829,1
73554,1
96920,1
65429,2
170064,3
58395,4
32913,1
85553,1
66754,16
171511,1
151181,7
74849,2
20894,8
91157,8
43186,3
157211,6
91179,1
63352,2
178552,7
12394,2
22122,2
131252,1
81374,1
11687,3
98540,2
9750,11
171355,10
48603,3
133300,1
47479,4
154287,2
9907,1
78789,3
4636,9
43280,1
43791,2
148292,2
192457,2
78801,7
48812,5
29592,10
137592,2
22147,3
190127,1
48952,3
40406,2
74847,2
4172,3
122522,3
166918,1
3348,1
21266,2
57845,1
58393,5
65435,1
85981,1
150511,1
169177,1
22104,5
3084,7
47169,1
151345,2
132807,2
29728,3
170136,1
54244,2
68183,2
54266,3
69251,1
57417,3
139635,10
25858,1
124886,1
75147,3
29624,4
47505,2
82518,1
50812,1
65641,2
65139,4
63478,3
187927,1
30219,1
5413,1
32393,3
50034,1
137656,1
47303,2
154260,1
29827,1
148466,1
80302,1
97120,1
97528,2
37538,1
183856,1
97183,2
79951,2
200551,4
5037,2
80198,1
47249,1
153900,3
169182,2
75121,1
64865,1
43214,2
43068,2
193689,1
94129,1
63954,3
33606,1
65541,3
138896,3
191111,2
80294,2
122314,4
33009,1
76913,5
30922,1
64707,3
84913,6
170054,1
50414,2
97016,1
158699,1
176526,1
30966,4
5561,1
178974,2
164015,2
72082,7
66896,1
75385,2
81632,2
147813,3
79971,1
58269,7
90036,1
57325,1
94976,1
75039,1
38339,1
30382,11
20190,1
50992,6
4297,1
97286,2
163683,3
5172,2
47437,2
171078,1
90979,4
170280,1
174580,1
104491,6
51053,2
29596,4
68153,3
66672,3
22548,1
20194,3
98580,4
49616,2
65677,3
202701,1
148265,4
168438,10
173389,2
151509,5
64427,2
76863,2
117287,2
57997,2
30380,3
38399,1
70025,2
153652,1
158069,3
50788,5
29911,5
97298,2
153327,2
154175,1
50890,2
43116,1
147549,1
63860,3
19977,1
30365,1
49882,1
175969,1
51091,3
65249,1
76987,3
70121,1
94259,1
66736,1
34100,1
30335,1
38913,2
50346,2
70814,1
137590,2
21361,1
90342,1
44297,2
79745,1
21562,1
58976,1
72154,3
132727,2
94906,1
63524,2
78150,2
57315,1
73694,1
75613,1
38709,4
37931,1
29732,2
122298,4
124678,1
9887,3
21662,1
63944,1
124904,1
38875,2
79935,2
154194,2
12138,3
94121,1
47427,2
73450,1
174949,2
3843,2
81004,1
83000,1
21393,1
37410,1
94055,1
123247,2
79461,1
20525,1
154012,1
66886,3
97972,1
30432,1
90340,1
52140,7
151417,1
64349,2
4083,1
72196,1
57541,4
81103,4
171108,2
147262,1
5158,1
170244,2
80885,1
57901,4
139034,1
165286,1
79403,1
65383,1
9706,2
21741,1
29840,3
86300,2
57735,1
172427,1
38727,1
50996,1
151365,4
64793,1
171100,1
64747,1
78829,1
150537,1
147815,2
91495,3
50032,1
188946,1
57867,1
3240,2
163587,1
3499,2
19515,1
47301,3
97792,1
97000,1
122724,2
79669,1
148457,2
89494,1
73458,1
80508,1
75521,3
47141,2
33556,2
177515,1
151069,1
176765,2
123825,1
167593,1
157957,2
139008,2
123241,1
163745,1
177795,1
47119,3
147401,2
170236,1
163951,1
116653,3
80264,1
197214,1
80908,1
124385,1
15272,2
25382,1
157989,1
191247,1
9885,1
47612,2
30782,1
25363,1
96978,1
4735,1
90745,1
16830,1
157449,2
54246,1
58101,1
63408,1
64729,1
87057,3
95673,1
30094,1
20846,1
30768,1
137546,2
100350,2
94031,1
154123,2
188821,1
22942,1
163573,2
132014,1
139659,1
3794,1
4056,1
147527,1
58609,2
81638,1
200493,1
57747,1
154340,1
50714,1
33654,2
123207,1
29730,1
89498,1
29574,1
97302,1
66660,3
67629,1
22700,2
80115,1
4229,1
36382,1
50184,1
98444,1
74987,1
148311,1
73590,2
38563,1
48719,1
21029,1
101068,1
38467,3
29833,2
19605,1
157371,1
72086,2
63894,2
76909,1
74911,1
49930,1
38745,1
11835,1
50976,1
64309,4
163631,3
44245,1
171032,1
63238,1
158245,1
80296,1
44177,1
20837,1
38915,1
16234,1
90839,1
67695,1
90578,1
63262,2
43100,1
49076,1
9874,1
152595,1
154352,1
122334,2
4968,1
65347,1
49692,1
97112,1
79963,1
4827,1
19611,2
12058,2
149867,1
123171,1
72132,1
147324,1
37847,1
79881,1
137556,1
25347,3
163593,1
30237,2
104495,1
130716,2
30444,2
96944,1
11651,1
37949,2
74951,1
139072,1
78148,1
39904,2
98790,2
73855,1
130220,1
85873,1
101316,1
147605,1
66864,1
94089,1
163589,1
122596,1
64431,1
97320,1
40524,1
54080,1
30778,1
74915,1
69253,1
91605,1
9588,1
163591,1
189030,1
104055,1
86250,1
29714,1
11633,1
94051,2
4365,1
129714,1
148180,2
65021,1
5261,1
20922,1
31101,1
63684,2
4145,1
22130,1
66996,1
47431,1
122730,1
58207,1
90122,1
70079,2
30353,1
99927,1
3993,1
153359,1
47305,1
132729,1
64345,1
80877,1
74867,1
69263,1
157655,1
50460,1
173453,1
22414,1
65697,1
151537,1
81382,1
38465,1
29969,1
66650,1
157991,1
30349,1
72338,1
39828,1
162277,1
50850,1
100900,1
130313,1
170384,1
122244,1
63660,1
147629,1
63672,1
11771,1
75707,1
147447,1
21295,1
91633,1
9835,1
9786,1
154160,1
48375,1
72282,1
68159,1
3444,1
57205,1
147433,1
20788,1
21839,1
16888,1
17577,1
22641,1
151597,123
10907,167
171564,14
91023,6
4059,102
65827,20
153915,5
5732,57
64791,5
35475,114
3392,2
18854,111
30283,4
153810,38
63240,67
72210,2
64607,2
50794,13
66798,8
64437,9
47263,58
11996,1
122338,5
80128,1
30264,16
158597,81
63230,30
58249,13
3419,1
137548,6
122490,32
54362,58
85463,1
29684,6
58087,31
64643,161
63832,131
30319,139
22097,219
54520,11
66960,2
176380,2
29848,2
93683,27
63744,41
96828,1
137746,3
67905,45
97094,1
157345,13
21834,20
79589,2
57409,3
125111,4
30718,5
48111,3
20741,7
30314,11
29736,1
29727,27
133669,1
10260,56
65313,8
66872,2
5019,67
64365,99
11998,2
67941,51
65707,73
137764,1
32375,6
94213,105
72192,6
54590,22
150234,9
154231,21
30251,4
53907,2
3203,25
147423,9
54500,1
58325,4
151155,2
129751,8
147201,33
159386,6
16308,1
122476,1
22145,17
53285,23
54396,69
147412,5
122294,16
151627,1
30045,6
49576,12
65543,1
66642,1
154180,21
66948,3
20899,6
40458,3
4924,14
65287,8
5318,13
68081,58
78719,56
157741,9
65463,1
65321,167
64943,32
145703,7
90881,1
172225,93
30231,5
153735,4
153780,13
47602,21
9608,2
54398,60
170172,13
4526,9
22742,1
81398,6
48838,1
80965,2
147979,1
80516,32
49680,51
54484,35
122266,27
31034,5
64633,2
64999,9
20926,4
147862,6
30297,1
47485,6
75069,4
5449,23
64647,5
174870,1
74829,10
91039,5
74981,15
22578,6
100942,1
30290,16
64907,17
47383,1
64042,6
54460,19
177417,8
72270,10
179127,10
3116,13
79593,1
30079,18
2878,41
78364,23
163967,2
91339,21
123273,4
22407,2
54318,20
43242,4
133647,1
65849,2
139038,1
122678,1
54446,33
90617,1
50006,1
29912,26
57603,2
5562,1
37742,4
58347,4
50374,2
127290,10
50708,94
20372,27
158669,2
81388,7
170286,60
65129,92
95488,5
151425,45
63532,22
9897,3
49462,3
122524,1
19198,107
30976,7
54332,1
30333,40
57445,3
67703,10
154330,3
58143,20
20864,23
19791,1
158687,2
122446,4
22121,12
58219,6
59144,1
54420,4
122974,36
139026,40
90032,3
153669,24
68279,22
163831,13
153748,4
174416,6
53910,22
57965,3
78859,2
47297,63
22882,1
47191,14
148310,7
65455,14
30280,18
122696,5
147876,15
49574,9
21242,4
65563,11
44317,7
4434,7
122386,1
47325,2
72158,10
123209,2
32931,4
29766,3
194480,1
83058,19
153663,2
151287,107
58079,3
152895,4
90719,1
16902,2
139559,1
30294,9
11982,2
123147,18
63292,4
90372,21
176584,3
64134,3
43126,3
57659,15
22724,1
86156,2
148499,7
157395,2
148285,2
12014,10
147978,2
151339,1
135654,4
73654,3
25461,15
58605,18
69001,1
173329,1
29622,17
138944,1
57937,5
63806,14
20290,13
147757,2
133674,2
91147,4
157843,25
65529,9
34282,6
47315,13
48814,4
144866,5
57971,5
43765,2
15323,3
81086,1
63384,29
81116,2
5052,13
80807,1
100244,6
22834,2
78973,3
129747,25
129720,7
65819,13
79677,4
154255,3
4645,1
20691,9
184994,12
124963,12
30422,1
129914,1
22255,8
101671,2
30234,2
22098,18
133256,1
63752,11
16336,2
72228,1
171030,8
66966,8
22392,1
29559,2
12212,21
35499,44
30415,17
50968,6
74575,5
47241,4
104105,2
9719,19
30750,6
74965,1
95674,1
90112,4
151127,4
139431,1
19537,1
5306,20
124888,3
20868,26
64377,9
81620,2
4862,1
133586,1
190273,2
5626,14
30138,3
50470,11
91441,17
148516,12
37937,5
21156,3
16406,6
80011,13
35489,2
54292,14
30229,3
5867,20
133667,34
64024,3
54282,2
50686,5
177710,1
82898,1
22764,2
57985,2
151237,6
29668,1
157359,3
21532,12
20923,4
152867,1
147543,2
58169,8
3882,3
64557,1
147441,1
30345,4
21519,1
38015,1
22177,16
63388,2
16882,1
65593,2
122576,13
29731,2
54444,4
124900,4
65039,6
16696,1
11649,2
154093,3
63324,3
29520,6
5002,6
64393,1
170975,7
68303,1
33736,5
50608,3
50082,2
91065,10
166881,2
151475,7
4188,2
75053,2
176622,1
100340,2
74971,1
29564,7
5281,2
73995,8
80502,3
95793,4
80027,1
122382,1
66706,3
68167,2
38001,4
3372,2
63820,7
50668,1
57247,2
85439,10
20308,5
29625,2
66680,4
67955,2
89638,4
157683,2
30245,21
50938,7
57891,2
20879,23
22916,2
73600,5
16704,2
47215,3
47530,1
186383,1
72602,1
177714,1
64903,2
157689,5
147521,8
36374,3
153654,2
78418,3
11781,4
65831,3
50338,4
95378,7
68311,9
29569,10
138957,8
21883,2
12546,3
64058,20
30362,1
30325,2
90498,3
63156,4
4253,2
177610,3
29768,1
63670,7
92168,1
58473,1
37448,3
64323,1
14986,5
97002,2
65031,7
125171,1
59732,1
16900,2
64749,1
19993,1
57511,4
19493,2
153479,3
75251,1
5098,1
3034,1
79983,4
94448,1
47209,2
151399,3
49372,9
65609,12
66654,11
74613,2
19633,2
68295,2
70842,4
29916,2
49708,3
30041,4
153792,9
57855,17
57473,2
30132,5
63638,1
57471,4
32501,2
174945,3
163919,2
48856,1
84923,1
85351,2
90228,2
57751,3
32299,11
34673,2
3597,1
122212,2
179124,21
186413,6
10958,1
19637,1
64615,7
49808,2
154365,2
12705,2
101753,6
157377,1
67995,2
152667,5
32773,1
171094,1
12612,1
91345,1
70133,1
57327,1
3879,19
30463,1
50290,3
129828,17
30332,1
33642,3
104099,2
88426,1
47217,4
63350,4
184779,1
153922,1
154300,1
39332,2
36364,7
92074,1
50684,1
17560,1
132763,3
64100,1
63728,1
90332,1
158693,1
43176,3
20836,1
132182,3
122390,1
50020,1
79603,1
80981,6
78556,1
66868,3
16378,3
65317,2
30986,4
123097,5
63358,3
79569,2
29633,4
54394,1
29762,1
22160,1
85103,4
64299,3
73680,5
80029,2
85957,1
47475,5
35447,8
49414,1
57825,1
50188,1
74275,1
5466,1
63348,2
70055,5
79577,1
49980,2
139669,3
64885,2
67657,2
137700,2
51103,1
29641,3
43234,1
11761,1
50998,1
80212,1
178694,2
91960,2
63878,1
74599,1
153676,1
154222,6
122542,3
47285,1
25324,2
43182,1
150609,1
139609,1
22654,1
147761,3
65829,2
67835,2
153904,2
9956,1
80041,2
81448,2
50436,7
174575,4
64016,1
60526,1
10577,1
19707,2
42955,1
94069,1
80152,2
104121,1
170477,1
19545,1
79717,1
97376,2
75483,1
43148,1
153865,3
97010,2
151405,1
22521,1
97394,2
43064,1
65713,2
4861,1
23016,2
183366,6
104089,1
16352,1
65769,1
80903,1
65221,3
90761,1
139130,2
90929,2
150238,3
21092,2
47662,1
32599,1
171042,1
104141,1
16280,1
95226,4
97514,1
26116,2
84885,1
22565,1
153946,2
96894,1
65333,2
48752,1
47257,2
9901,1
54002,1
58521,1
20310,3
65283,1
30194,2
49662,1
153772,2
11933,2
50854,2
100258,2
51155,1
54048,1
54038,1
50674,1
148054,1
66916,2
80880,5
154336,1
82824,1
124906,7
50242,1
132713,1
94888,1
48373,1
90961,1
49526,1
43134,2
66954,1
78721,1
68346,1
157797,2
21517,3
148304,1
122690,1
37732,1
163607,1
171048,1
89478,2
153775,2
54103,1
94718,1
51008,3
30184,3
91199,3
64489,4
148143,2
56996,1
132755,6
14388,1
32667,1
65393,1
68057,1
75031,1
80124,1
20826,2
147775,2
3107,2
38217,1
11489,1
22712,2
137560,2
49438,3
5265,1
20791,1
178711,1
22560,1
5109,1
3069,1
64651,3
9832,1
173390,2
144851,1
66684,2
147635,1
97960,1
39025,1
144861,3
177813,1
80126,1
150242,1
29699,5
63470,1
75621,1
94524,1
65539,3
158053,1
80138,1
30261,1
116522,4
72300,1
37746,1
22517,1
64575,2
152881,1
163529,1
139463,2
79503,1
65433,1
92200,1
32989,4
47489,6
85561,1
36366,3
80053,1
79263,1
20304,1
122954,1
79945,1
34286,1
43070,2
12187,1
163999,1
12032,1
132699,1
66914,1
20526,1
11541,1
15297,5
58481,1
63364,1
65017,1
80331,1
48695,3
138909,1
65235,3
64689,1
139579,1
122340,1
32781,1
122952,1
4399,2
65719,1
54238,2
79585,2
35371,1
16436,1
92148,1
67659,1
122472,3
63354,1
96788,3
63782,1
34687,1
80156,1
41447,1
49712,1
98490,2
176728,2
63952,2
42122,1
92162,1
89666,1
58321,3
91643,1
86212,1
80864,1
151327,2
94021,1
74278,1
50678,1
57611,2
82444,1
19645,1
65853,1
63454,1
80704,2
80142,1
148571,3
19501,1
69917,1
191439,1
100610,2
157361,1
186320,1
80242,1
84598,1
154235,1
170076,1
81410,2
50722,1
22688,1
64339,1
157965,1
82036,1
151117,1
21548,2
47259,2
97952,1
5414,1
48725,1
27009,1
163671,1
64277,1
97384,1
63818,1
100348,1
80452,1
80602,1
74015,1
79139,1
5118,1
171267,1
153716,2
132785,1
73955,2
123131,1
139036,2
80947,1
144874,1
23408,1
55164,1
169662,1
96850,1
9966,1
90568,1
182771,2
29612,1
123163,1
58013,2
19585,1
89918,1
64759,1
30249,1
147491,1
154215,1
148284,1
30136,1
57623,1
4915,1
3324,3
96808,1
66722,1
147266,1
43921,1
69247,1
66854,1
139156,1
124988,1
30403,1
68201,1
151022,1
90705,1
147501,1
48647,1
170212,1
63884,1
66772,1
50866,1
29716,1
75021,1
49384,1
43238,1
50418,1
104468,1
34278,2
147625,1
38889,1
30125,1
89592,1
100022,1
158657,1
50920,1
153822,1
43609,1
170252,1
182735,1
124412,1
22273,1
50586,2
63982,1
163647,1
29583,1
37406,1
66710,1
75685,1
81402,1
80851,1
63252,2
122748,1
163897,1
65761,2
4942,1
50610,2
30274,1
49800,1
90789,1
200451,1
132747,1
153677,1
100304,1
151023,1
73857,1
53980,1
50266,1
20739,1
19591,1
29977,1
151483,1
74173,1
11723,1
38369,1
5161,1
48960,1
80428,1
64561,1
31239,1
16852,2
65757,1
92152,1
64961,1
50576,1
159380,1
75675,1
174942,1
80103,1
163957,1
22990,1
97360,1
4572,1
23055,1
65001,1
153660,1
151489,1
48063,1
19601,1
154197,1
94868,1
68197,1
75645,1
11477,1
58017,2
29706,1
94077,1
11681,1
121144,1
75233,1
49400,1
4663,1
30162,1
22422,1
51023,1
39662,6
50302,87
33600,2
47251,2
73837,1
30246,170
12427,16
79239,20
21855,156
22726,2
55148,1
75735,131
30239,83
78976,15
90967,2
30276,103
12021,72
63212,2
67741,2
101548,23
30150,62
30774,10
57575,1
91994,1
163537,2
65367,63
200670,4
30043,6
64036,30
4961,11
50848,1
148724,63
65205,59
12003,88
44347,2
130294,22
63562,7
29813,6
174598,20
30158,45
30076,23
139529,5
148491,12
75597,1
32977,1
50696,64
139454,8
32871,2
170615,3
21300,136
66962,73
103717,1
47129,31
80546,6
64471,1
22112,68
69867,2
21525,1
90905,43
179924,1
32987,2
58619,14
48810,2
12455,1
91095,14
64639,5
50534,9
151331,79
50704,8
19569,2
64257,4
65865,5
90709,14
130204,98
47616,10
65253,52
47319,29
29831,173
54280,8
10293,31
9869,66
77718,3
147763,6
44305,8
58449,26
63602,32
30137,92
47552,6
50298,114
69769,11
78354,24
22127,4
38303,4
151385,36
21846,108
75079,1
147811,136
79571,1
154025,60
54414,20
166001,58
54522,134
66704,28
50574,62
58047,45
180549,10
96926,1
47181,24
32615,9
132989,29
22342,28
171999,9
66682,12
139056,1
132907,14
22366,1
57929,4
149926,4
154017,6
151129,41
129709,17
75445,2
81101,1
32449,14
75631,7
20786,12
9969,52
65751,4
12211,2
49532,36
151353,9
58509,6
3781,25
38149,25
63186,1
54240,41
22008,12
91349,18
30050,40
57921,4
177408,6
68123,5
21605,1
152829,19
66932,18
74687,2
58577,4
57211,1
78094,6
90759,6
78717,2
180571,15
32975,6
30448,1
139040,2
11733,1
178693,13
122226,5
58109,6
65263,1
64509,5
50382,4
80168,3
73903,2
79891,3
151087,5
166959,1
65285,1
57425,18
47361,4
50652,7
132685,2
80980,5
96968,3
98771,7
90699,14
74623,1
66844,2
66640,34
166037,6
124091,2
87045,16
22511,68
29959,6
87029,52
47631,3
4223,16
151185,8
74985,10
19963,1
5095,35
38033,1
30085,5
151255,100
158649,2
63520,36
157707,4
32391,3
4700,24
74701,1
152961,60
154242,5
64233,15
20856,104
58307,1
26543,2
58263,1
181807,1
130203,15
90068,1
193720,5
64487,26
22545,3
51111,4
81460,3
19725,9
67979,19
30278,4
37568,1
151505,10
22932,21
153939,6
22152,26
80063,35
151105,53
30279,39
54334,93
5542,1
11663,5
147866,13
30104,12
58463,50
29898,10
30144,29
129687,5
80969,12
21979,8
86168,25
175970,10
153019,2
64665,2
30269,12
4063,1
54576,3
47239,1
132775,6
148528,4
171561,7
148526,5
57671,14
47135,15
32853,9
30052,19
122234,1
47193,1
151301,1
169620,6
51119,2
76923,7
78226,1
163559,2
54330,1
21281,3
35501,25
182036,1
92599,2
21315,9
22754,6
9928,37
9633,15
30054,3
157589,2
63248,14
11817,9
48699,5
3747,5
90428,1
50324,11
90536,4
22035,3
57447,43
81664,6
168846,9
66900,2
21878,1
53922,1
49986,3
84755,3
38423,3
148559,3
139126,16
38377,8
29862,9
30924,2
152733,13
52544,9
51135,2
13258,2
122532,6
65515,7
79221,2
122470,14
57637,1
20814,3
66686,14
30210,9
69313,1
129695,32
122306,1
65679,4
171052,18
148454,6
131569,2
94061,2
125305,19
182820,4
50814,10
5312,1
12038,1
49744,12
9616,13
91315,1
40179,1
199683,3
47635,4
73913,6
66804,1
22580,1
65635,1
152661,15
22294,5
55132,1
20230,2
4043,17
50838,1
152705,7
65261,7
124391,1
97169,1
154257,4
68131,2
30392,5
3089,7
49490,5
31026,5
66910,14
12042,1
157767,1
64337,4
39302,7
31075,3
75557,2
138945,2
64601,2
79455,1
80262,1
63612,14
133671,3
80518,1
30225,15
29842,21
86324,11
171126,2
151073,2
153986,1
3901,4
5308,5
168047,1
96790,2
80240,1
81624,14
79229,2
104061,1
133751,11
65431,3
63956,1
151501,5
54078,1
30055,1
30141,2
80662,4
97058,1
54304,5
148459,6
11653,2
63394,1
147455,4
54234,3
47469,1
80722,3
64082,6
4249,1
26725,1
63710,1
12264,1
58545,5
47327,2
188337,1
33211,10
97100,1
29873,3
151263,2
54688,2
64383,1
101076,2
22346,3
148455,3
64887,4
34114,2
63184,6
79291,4
81482,1
182192,2
29729,8
54450,2
95260,4
22523,1
89934,1
30928,1
95176,7
4348,1
132901,3
63916,2
147593,1
49296,1
154016,9
123813,1
88064,2
84009,1
29872,1
57501,3
65581,1
22357,6
154033,5
29566,13
65699,1
80033,1
11709,3
50852,7
22617,2
147821,5
49640,1
102027,2
82602,2
122766,2
181963,1
43102,1
151099,3
11851,1
124712,3
116624,1
64853,1
50688,4
58285,4
80783,1
22031,3
69341,1
49374,5
20785,1
47610,11
22639,1
122898,4
49996,9
49736,7
4506,1
58639,1
92022,3
200495,1
20887,1
54424,1
22093,3
139054,2
16300,1
21617,2
50982,1
74591,2
64679,1
33592,2
21231,2
63548,8
78162,3
70207,4
147406,1
11655,1
148286,1
139567,2
163927,2
5451,6
57475,12
12016,2
66944,10
152621,8
22138,1
97066,2
54060,3
51121,6
21268,1
37885,3
122910,3
54268,6
72694,2
147783,15
50238,2
22908,2
50364,3
79353,1
79581,2
79283,7
47401,1
64369,3
22082,2
148309,3
151083,3
11569,3
29820,1
64559,2
174589,2
65099,2
80286,3
47165,3
30221,7
23414,6
37564,1
74271,5
66690,1
57837,2
29694,1
80396,2
57759,1
124880,1
163569,1
64513,1
80692,1
50728,2
176324,4
74999,1
29860,6
78044,1
31103,2
154059,7
63570,10
49363,1
11637,3
68227,3
147881,9
70863,1
95244,3
63964,3
148477,1
44193,1
122846,2
137652,3
64569,2
200340,3
49408,5
42971,13
124818,1
129755,2
51117,3
9691,1
22146,1
76839,3
37672,1
63736,5
92445,1
33850,3
148614,1
81342,2
89546,1
97004,1
171657,1
22616,4
47359,1
30096,7
56988,1
153987,3
79923,3
171112,3
66964,1
178963,1
67929,1
10004,1
157803,1
94948,5
22058,4
65157,2
21590,2
65067,3
89886,1
65339,8
91453,1
163567,2
100750,1
188919,1
11715,2
90456,3
65371,1
30960,1
9886,1
193704,1
5238,2
69261,1
123973,1
22123,5
34771,2
75547,5
149975,1
66832,5
32891,1
21158,3
32943,1
58475,1
11921,1
29991,1
154402,3
96982,1
148297,1
43545,1
22527,2
22664,2
129724,3
79621,7
58293,1
80398,5
164721,2
29918,1
54476,4
66658,1
94071,1
53262,2
80780,1
66652,1
89958,1
137538,3
86194,4
63658,3
29700,4
11805,3
170174,1
21847,2
47207,2
117297,6
22567,1
157281,2
80811,1
10006,1
169848,1
47123,1
122528,3
30336,3
47560,3
64603,4
72258,1
35375,1
64655,5
69959,1
51081,2
200859,1
58007,3
73813,1
167583,1
49610,5
73409,1
21170,2
51047,1
30198,1
92062,1
85425,2
43072,1
97106,1
3700,2
80444,1
151321,1
29838,3
101595,1
89968,1
200491,1
124732,1
2882,1
90687,4
66818,1
12069,2
77724,1
96820,2
85331,2
20601,1
47483,1
92000,1
154107,1
163835,1
50634,3
154267,1
65597,1
89544,1
94496,1
96950,1
12112,1
163931,2
4953,1
187002,8
30758,1
63652,3
70141,1
97830,5
65615,1
139499,2
90773,2
64949,3
195128,1
43258,1
66083,1
21535,2
170204,1
87362,3
63874,3
65861,1
51057,2
3566,3
150063,1
55152,1
7517,5
80832,2
37206,1
64819,1
81518,3
22589,1
69257,1
139445,1
97974,1
14780,1
21858,2
152597,1
91982,1
30292,2
132787,2
77386,2
192109,1
85367,3
78202,1
48957,8
47343,3
147322,1
57585,3
65437,1
50936,1
96936,1
29676,1
163935,2
30450,2
159336,2
75651,2
123191,1
97268,2
9914,3
80314,1
39890,1
63514,4
91359,1
51083,1
176690,1
174587,1
36390,1
73616,1
64479,4
75061,1
66622,1
21591,2
152915,2
130158,1
53905,1
101128,1
57909,1
49276,1
74927,1
85001,1
75087,1
122950,1
73919,1
91297,1
29639,1
151317,1
97278,1
122276,1
49440,1
19553,3
96846,1
139480,1
158859,1
19831,1
10196,2
50894,1
125039,2
54250,1
19557,1
94053,2
65793,1
80392,1
64141,1
130320,1
148283,3
21262,1
37778,2
49658,2
30408,2
200449,1
154169,1
122746,1
29558,1
22181,1
153948,1
78110,1
11865,1
29857,1
19521,1
176482,2
94105,2
5113,1
22271,1
30103,2
29710,1
79565,1
16428,3
54922,1
48682,3
5188,1
43080,2
73403,1
78982,1
50156,1
81035,1
122796,1
90679,2
64088,1
90502,1
68213,1
150111,1
176594,3
122278,2
25350,1
169190,1
97430,1
58297,1
101456,2
49922,2
122594,1
37154,2
87019,1
81440,2
42961,1
64977,3
65381,1
4997,1
58593,1
170144,1
132749,1
158629,1
80318,1
133672,1
57435,2
153776,1
101122,1
139142,1
57951,1
183368,1
64599,1
57939,1
67607,1
157769,2
97018,1
75461,1
54006,1
19609,2
188909,1
78234,2
64893,2
63476,2
70159,1
20834,1
29644,1
104173,1
50468,1
38439,1
22636,2
50872,2
63972,1
79829,1
10036,1
83258,1
57293,1
158593,1
70071,1
72118,1
4429,1
67757,2
64581,1
65071,1
69875,2
122770,1
80202,1
81138,1
11807,1
81032,1
130331,1
38711,1
43345,1
3265,1
91515,2
58433,1
129785,1
78994,1
72234,1
69303,1
78186,1
137748,1
81132,1
90212,1
157535,1
55213,1
133643,1
157127,1
21416,1
89944,1
57709,1
91369,2
65533,1
185829,1
9804,1
22584,1
59750,1
37442,1
169073,1
22622,1
94107,1
33057,2
21030,2
63370,1
124812,2
3949,1
4962,2
186392,1
27193,1
163769,1
66668,1
3541,1
50504,1
43158,1
58401,1
4136,1
9693,1
82846,1
22402,1
25381,1
147702,1
122918,1
68101,1
73724,1
95690,1
148315,1
81666,2
63568,1
148282,2
47618,1
64445,3
22557,1
58027,1
21245,1
148434,1
154310,1
19559,1
11601,1
84594,1
122320,1
122428,1
137632,1
164033,1
30348,1
43128,1
65643,1
158063,1
50312,1
63462,1
4957,2
11579,2
30197,1
65549,1
82638,1
100748,2
139014,1
137784,1
104395,1
80520,1
91083,1
80234,1
65161,1
80292,1
148562,1
53264,1
75043,1
22073,1
147792,1
190832,1
179031,1
73989,1
53962,1
5023,1
50762,1
74641,1
176619,1
81062,1
22172,1
91381,1
151139,1
49426,1
22624,1
122790,1
54918,1
80897,1
22378,1
29829,39
47273,3
3670,15
139461,17
19623,1
73432,2
132993,1
78741,7
122194,1
139464,6
21559,60
151123,152
58335,162
58043,1
132731,273
151103,40
3591,23
90947,22
57913,18
153658,55
80905,87
54514,79
22131,37
64433,4
133670,2
58351,129
65595,3
2996,82
37562,36
154332,15
79905,16
22607,86
74689,2
65013,11
30100,10
74747,11
174447,7
81480,16
65425,63
58407,110
163669,6
98428,1
22352,63
81484,9
22541,124
4182,87
48259,1
90124,69
63490,3
11745,17
22149,3
122426,4
90639,1
63528,9
63346,33
3344,4
145650,5
81490,2
48974,4
90162,22
65953,73
10553,6
29865,5
148481,86
29874,10
17778,1
130205,16
10837,22
54364,48
22249,99
4480,4
47587,75
66514,86
3865,50
30089,87
35571,6
3131,131
49966,110
21595,80
49144,33
153699,23
90989,26
54308,162
30207,29
30337,20
4177,44
30084,3
157469,2
54286,71
20262,13
148468,4
64491,8
76857,5
57811,38
3719,3
63802,56
66936,86
186779,1
151451,19
10810,44
57705,59
138921,2
54360,27
49346,29
30298,35
38691,4
30205,70
75577,113
169140,17
33608,2
78076,41
122630,2
47291,18
5239,27
57883,6
3162,31
30254,37
57573,27
68075,2
29722,28
16826,9
30191,34
58105,95
3366,13
30427,1
64263,20
152955,1
174423,3
47373,10
103949,1
29562,5
95104,13
68113,2
22126,34
74765,12
20859,11
151229,1
183901,12
151187,63
22585,1
3951,52
65553,10
20348,2
29815,3
80910,3
29925,86
174597,29
65369,13
122540,9
66656,3
31069,4
39666,5
74657,4
148551,1
47457,7
148524,4
65725,13
90104,2
69771,83
5053,6
57497,4
158633,1
68354,2
171344,4
64573,1
158651,2
49904,2
4137,28
43106,2
196607,1
11777,3
30262,2
30328,5
163629,4
63804,9
54942,8
74069,7
82868,1
94518,24
64375,18
30146,23
54406,45
170725,1
21998,4
80061,8
74755,1
30091,3
132703,2
158607,27
68037,63
30426,146
157821,4
32713,67
30206,12
29589,64
66522,2
50030,1
49773,84
57567,54
50332,33
78214,5
33604,73
16824,3
154187,44
36420,36
9598,24
151191,3
97440,1
54824,1
157883,5
11957,6
74579,1
75005,23
137574,1
43140,2
154140,3
80738,1
63766,70
154318,11
173467,22
54090,4
129789,3
47147,18
64723,2
30946,7
65531,52
3846,1
32453,3
22269,6
75473,8
11593,6
58103,14
98773,6
169658,58
3288,24
65225,6
92623,7
64713,7
94111,1
47445,10
20932,26
94103,2
54470,7
54314,33
76991,6
65145,10
65457,7
132096,1
154232,4
4747,5
70331,15
122944,2
75705,19
54412,7
30306,24
70329,46
123169,38
169066,15
170736,13
123199,1
70093,1
95434,2
11827,6
3088,33
177302,1
57455,2
73358,1
37744,4
30416,2
3699,96
63870,2
40061,4
59112,1
30431,2
65327,1
49570,5
65443,4
172425,1
30024,2
9816,4
91077,2
3074,1
47313,7
30175,3
11871,1
63492,2
75543,8
11927,11
13322,3
59656,3
151363,8
63840,11
78338,1
49314,2
164767,2
47283,3
122940,4
22025,21
44275,3
157373,6
147874,3
40663,1
84807,4
22645,7
68199,27
189361,2
51065,2
49556,20
91025,19
43272,1
22363,8
86398,1
124961,4
11657,4
5088,1
10055,1
96800,2
50424,7
20688,12
11665,3
81420,10
80896,2
3618,11
147759,7
129693,33
154288,8
153355,42
147769,3
78212,51
79017,11
90516,52
151169,80
31036,67
20642,2
12027,14
68366,10
30250,6
22936,3
168826,4
5007,4
92034,1
97368,4
16884,2
67841,2
57579,7
16232,2
11499,1
22395,4
64645,2
68091,3
37558,2
64164,19
21283,1
22421,1
101759,1
153894,2
37933,85
191747,2
154124,5
4490,1
80964,9
30092,4
139643,12
47227,18
47247,4
22105,14
122290,4
153876,15
122272,1
49516,5
4234,9
50530,3
80696,2
63792,5
139571,6
87017,2
21607,5
80466,1
153788,5
124424,3
10691,3
80276,1
73530,1
147803,2
91661,2
59224,1
89910,1
78797,2
65003,2
58551,34
127292,1
148532,2
122878,1
66025,3
151135,24
30900,4
80182,2
51129,1
80850,5
50986,4
65469,2
30110,3
158841,1
65821,16
37656,3
30153,2
123157,3
58637,5
58071,1
64621,10
58003,2
50014,2
30268,7
189747,21
74619,1
48938,1
54588,4
33582,2
3475,1
158055,18
4995,1
4001,3
37536,2
30284,5
154331,14
170308,1
65057,2
47357,3
38749,2
66638,1
79397,2
80166,2
64247,4
153881,18
69293,2
97060,3
67909,2
70203,1
63616,1
21545,5
19785,7
117289,15
63296,8
152691,2
29580,5
63594,3
65343,1
103977,2
9844,2
90629,2
22415,3
19575,3
66396,1
65477,4
16566,3
148483,8
117315,2
139601,3
177712,2
5383,5
29877,6
147753,6
157541,4
98536,1
75237,1
184681,2
47491,1
11801,2
21403,1
157747,1
148566,1
101580,2
170552,6
157671,3
63758,14
153011,2
37486,4
78586,2
184494,4
90855,3
122444,14
50124,2
147561,1
74499,1
69632,4
138949,1
69267,1
157901,8
12017,1
35541,4
92443,1
47355,3
57241,3
16860,2
79213,1
69668,2
75699,2
101677,4
30013,2
22559,7
72236,3
21990,1
19631,2
81000,5
130201,1
9746,3
29602,1
3121,5
47347,2
151421,6
50980,3
166963,1
166937,4
186445,8
95044,1
176621,1
3638,2
170479,2
90458,3
151403,1
21307,1
94229,1
153708,3
94782,5
124121,1
147795,1
21520,1
54410,4
79635,1
50292,1
58011,6
32657,1
64074,2
78959,3
76887,1
157417,5
163731,1
79553,6
21825,9
79385,1
75539,4
79955,2
64541,1
95802,1
97108,1
25385,4
80109,2
98589,1
64535,1
100568,1
157865,2
11843,1
11595,1
122712,1
83211,1
78930,1
20116,4
137602,4
147370,3
163923,5
65035,3
78937,3
29746,1
80200,1
12052,5
132765,2
124430,4
147333,2
54548,3
79975,6
83108,2
57483,3
147870,2
47117,3
50584,4
172317,2
42002,1
100410,1
22277,4
54388,1
54562,2
29974,1
64975,1
63582,8
183911,5
57485,9
89652,5
37130,1
65491,1
57697,2
137710,1
22056,5
57865,2
65105,1
22311,1
80077,2
158209,9
55134,1
139140,6
139466,1
78987,2
63424,4
11575,1
74493,2
90795,3
19773,1
78168,8
164141,2
29634,1
147509,3
57477,11
125383,8
29963,2
66802,2
21789,1
80922,1
65335,2
79843,3
122304,5
65637,2
22613,1
25383,1
98699,2
44109,1
137594,4
59636,2
48822,1
58461,2
91263,6
124969,2
63748,1
81702,1
151175,2
76719,1
50122,1
65551,3
31093,2
76855,3
171406,1
29886,1
60042,1
30075,2
116636,4
166962,2
137738,1
38973,3
73542,1
73132,1
38275,4
125044,1
104051,1
154206,1
43130,2
90895,1
90442,1
148544,5
95721,1
65439,2
139509,1
81468,2
66850,2
196247,1
91397,1
139112,1
64699,1
29719,5
79641,2
29579,1
144842,1
30195,1
97912,1
122174,1
152773,1
91217,1
147787,1
13844,2
124381,4
65809,2
81660,2
93931,4
153803,4
21077,3
147781,8
30147,3
147773,3
11823,1
148507,4
170616,9
47231,1
49522,1
10779,2
100870,2
171276,1
96946,1
94614,1
48133,1
30447,1
53916,1
133673,3
22838,1
48645,1
148522,5
64319,1
65089,2
29667,2
77001,1
77754,3
139573,2
37650,4
42883,1
57291,1
20292,1
101589,1
47287,1
20240,1
124147,1
139032,2
49528,1
58251,10
72334,1
130068,1
72376,1
10237,1
20544,1
58195,5
5292,2
163597,2
79219,4
80462,2
79645,2
3223,1
57863,1
66666,1
29897,3
80916,1
54542,1
29723,2
153791,1
12484,1
200602,2
20606,1
50386,2
159085,1
29601,2
64501,1
94095,2
80796,1
154275,1
53956,1
22090,5
57509,1
132909,3
50112,2
64933,1
11501,3
133645,3
37222,1
163653,1
30449,5
183025,2
151337,1
163723,1
54566,2
58089,1
27237,2
57881,1
70838,2
81083,1
87021,1
19561,1
66842,2
80236,1
19607,2
3718,2
79779,1
70853,1
80035,1
55015,2
55122,1
96840,1
50018,1
96974,1
164711,2
22912,2
154010,3
94093,1
66702,1
79987,1
64809,1
164766,2
19989,1
30413,1
137608,2
21157,1
176567,1
70335,2
122624,1
3626,1
76811,1
90570,1
73413,2
21830,1
90156,1
29606,3
81061,1
86302,2
50620,1
5016,2
80238,1
25760,1
80989,2
193692,1
50942,1
58093,1
94035,1
72296,1
64473,1
185783,2
151455,2
78823,2
94087,2
73897,1
22734,1
157459,2
80526,1
57255,1
47155,1
63990,1
97464,2
133276,1
30130,1
53948,1
149984,1
86051,3
50618,2
63626,1
11561,1
96854,1
73586,1
17566,1
163691,1
101496,3
63604,1
97096,1
94039,1
90560,1
37192,1
57387,1
187749,1
78637,1
80256,2
65227,3
4207,1
68029,1
20242,2
21473,1
57581,1
129697,2
12002,1
72010,1
193252,1
54512,2
182210,1
129988,1
147785,2
54478,1
30212,1
30028,1
163507,1
60354,2
4967,1
50514,1
59262,1
64415,1
20256,1
63204,3
51012,1
150613,1
58483,1
87039,1
70859,1
43435,1
58363,1
91439,1
101684,1
20057,1
122942,1
123005,2
188891,1
5623,2
73602,1
57849,1
29724,1
75627,2
29718,1
100562,1
21293,1
49160,2
50140,1
137730,1
64909,2
130162,1
97472,1
47574,2
23252,1
76823,1
50190,1
30134,1
139621,1
99923,1
152583,1
48672,1
78200,1
22133,1
29581,1
4362,2
30072,1
59476,1
65961,1
80830,1
22702,1
74601,1
149910,1
37963,1
157847,1
54028,1
121140,1
53926,1
74925,1
103941,1
38519,1
64271,1
148479,1
129843,1
80051,1
68239,1
66858,1
85517,1
80013,1
50820,1
65545,1
100278,1
49826,2
194027,1
75647,1
90889,1
49944,1
50404,1
164269,1
29679,1
55150,1
139511,1
75641,1
25671,1
63974,1
80402,1
65027,1
48029,1
64243,1
89452,1
122848,1
30388,1
124882,1
80891,1
65009,1
157775,24
37997,6
30113,196
122648,9
58391,94
153943,96
122364,9
30165,230
57537,47
21792,236
30183,91
57773,135
64965,37
30267,9
30033,4
50230,28
124682,34
69357,11
167517,126
157563,21
21620,1
50864,6
47311,93
50750,66
172257,3
12063,34
122496,81
66986,13
63290,131
80554,34
124915,2
22046,37
94275,2
93979,3
33622,8
58021,48
51055,3
139096,2
21280,5
152699,27
75531,28
32927,34
148561,4
148513,8
64551,28
152857,77
30204,14
58517,7
63608,4
94388,13
22388,66
157325,34
3214,7
152861,3
104079,2
67878,15
22404,44
63546,31
169617,2
100604,2
30058,5
57967,48
54516,10
90827,4
14280,93
30360,10
64883,5
54326,1
69724,13
157641,30
37408,54
10875,58
163715,1
94858,17
64619,60
80978,43
75731,4
30047,65
22836,49
153941,1
12216,13
3465,21
94838,9
75253,15
43204,2
125303,2
12257,10
38503,10
94900,9
73985,1
64719,47
49452,3
157441,5
25173,118
63770,2
29844,10
63414,18
50394,2
49908,48
153832,5
66694,71
87023,2
80612,1
29600,16
151395,67
80494,8
147755,30
60064,15
63172,42
63194,1
169657,12
37913,3
29982,32
66758,1
38975,1
122620,1
16858,15
151369,9
75513,1
73965,10
33568,4
34601,1
86400,1
19448,1
65033,1
30936,13
151381,8
88862,1
19571,32
139134,9
151291,15
68169,8
152603,10
137802,1
64627,61
58227,59
30217,25
147747,26
21256,22
9888,1
9930,66
21119,20
147643,3
75391,37
50906,8
49380,1
157913,31
75399,6
154168,9
139044,4
104169,6
153821,2
47608,1
151247,2
79929,1
30299,36
78184,5
51016,6
102209,14
22430,1
12589,1
79247,2
35381,35
29975,33
4964,88
30281,9
154301,15
65361,35
21034,8
183879,7
86404,6
90330,45
85781,1
58273,11
5117,95
22374,11
64357,37
74585,4
78713,2
30060,7
50496,97
25962,3
64497,29
92040,6
35497,12
166865,31
21257,17
177638,40
79261,17
10256,4
57667,48
64335,1
12126,3
65741,5
64521,82
3043,15
22355,2
37995,3
122930,1
75649,11
4186,2
30140,5
72372,35
185786,28
29760,3
139042,3
151101,3
122302,1
54358,8
19787,17
158811,1
22358,5
50120,6
10135,5
4189,22
189227,19
75629,7
122956,3
122514,9
47668,18
26551,60
5858,20
4648,5
58175,28
65715,2
91641,1
30906,1
20735,48
98599,3
63344,4
65299,1
57805,4
64835,2
30368,2
10200,9
50676,4
65223,19
72362,1
137596,3
147745,17
81604,8
80248,1
153712,2
9674,3
72336,1
64495,10
29697,2
3715,5
122840,6
80736,3
81450,8
20314,2
148308,1
19625,1
64935,2
122248,20
122742,1
129726,6
30326,13
64467,16
147741,1
137742,2
90721,1
79563,1
22347,2
57893,3
65485,23
132797,1
54324,15
94067,3
96896,1
58149,3
151439,10
169975,1
137791,16
54312,1
22531,9
30238,4
69295,3
58323,1
30081,3
91567,1
174806,5
63330,5
171128,31
175995,5
152871,1
87011,1
57729,3
63574,1
166761,2
29906,10
164019,1
30344,9
22696,4
4446,12
32995,14
22305,2
53988,3
74513,14
80150,1
125105,2
122494,4
4520,4
154193,2
194771,2
158059,1
47393,1
76965,3
68267,11
153665,1
166973,1
137638,1
20700,3
34338,1
32631,1
33602,2
117293,1
63992,6
12059,1
163585,6
64461,1
30419,3
43294,1
147371,8
47179,3
169199,2
97414,1
50902,5
154157,11
137654,3
122362,1
64413,1
39057,3
150559,2
54342,5
29682,5
64275,1
147431,1
9599,3
3416,3
27037,1
153770,1
101613,1
156969,7
154087,1
139050,7
54438,15
30305,4
51095,1
170160,1
122960,3
30021,2
50440,2
64465,3
49580,1
57979,7
30942,16
12437,7
54408,9
157693,11
54856,3
40277,3
43178,1
74653,1
147809,9
38225,1
151197,5
79519,1
54442,4
65743,1
65275,2
90220,8
175137,1
157751,10
11943,5
97276,3
57879,5
21889,3
79587,5
34046,14
49488,1
33614,2
19531,1
30199,2
22874,1
154133,2
19533,2
44169,1
58399,1
30291,4
152779,5
170272,2
63994,8
104113,1
57905,9
71076,2
11773,1
80085,1
171058,2
104081,3
57795,5
80991,1
159097,1
82688,3
63190,8
9778,3
21233,1
94047,2
5305,1
20734,1
5041,1
30343,13
192850,3
21891,2
151241,3
153983,4
96812,1
30920,6
94045,1
90811,4
156665,1
38701,1
89896,2
87033,1
164145,1
50258,1
30352,1
11525,1
57843,1
151347,2
122989,3
90164,2
29980,3
94257,1
64849,2
132817,1
176299,1
66882,2
90406,2
91235,1
130134,1
22518,2
69265,1
63788,3
11589,1
38855,2
153813,2
137816,2
171213,1
124476,3
21550,5
75637,4
163495,2
122580,1
176685,1
19655,3
9744,2
154377,3
38203,1
49484,1
37598,1
34749,1
26508,1
174980,3
22868,1
164703,1
187810,3
47275,2
21452,3
147860,3
154246,1
51033,1
58259,1
47173,6
96994,1
63334,3
10757,4
23236,1
29705,3
151515,2
70105,2
3382,4
65385,2
47127,4
11859,2
49596,2
159109,1
153871,3
80570,5
139513,3
16874,1
30414,4
78288,3
21588,2
38215,3
96990,7
94261,1
29752,2
43577,1
174571,1
29924,2
65189,5
31089,6
37324,10
50158,1
22848,1
63390,1
21380,1
122526,1
87013,2
16678,9
43082,1
22115,1
20200,1
97104,1
30293,1
63152,1
65871,3
151137,3
86007,1
11967,3
3703,1
29642,6
65467,2
80206,1
79933,1
180999,2
38295,1
97482,3
4812,1
67985,1
58503,2
3245,1
57953,1
16326,1
5378,6
66740,1
16370,1
90048,1
75411,1
57569,4
79243,1
85927,1
75545,4
5572,2
173441,3
38129,1
154325,1
97388,1
154211,2
96826,1
30438,2
49546,1
79439,1
122250,1
130552,1
66764,3
147607,3
65295,2
90466,2
80154,1
3958,1
33361,1
173398,1
85141,2
151077,1
76737,2
133725,5
30196,4
29960,1
47157,2
90364,1
79647,3
55108,1
50048,1
181980,1
50954,1
43208,1
68151,2
34330,2
81338,3
76835,1
174988,1
171122,2
159337,3
50946,1
147457,4
42859,1
15315,3
68209,1
79273,1
30023,1
86063,1
49460,1
2864,1
38957,4
122460,1
57785,1
80658,6
78134,2
64463,1
91321,4
58427,5
148565,2
98617,1
35437,2
22816,1
79036,1
122560,1
50510,1
58423,3
47084,1
74019,1
147801,2
50070,1
79863,1
147547,1
95322,3
20748,1
11591,1
133568,1
68291,2
47131,2
81013,1
68049,2
53266,1
57775,2
11605,1
175185,3
49060,1
49286,1
91239,1
68071,5
22992,1
36378,1
19629,1
98809,2
43206,1
167890,1
163577,2
9863,5
29753,1
22958,3
80542,1
65599,2
49458,1
76905,3
16856,3
3206,1
9805,1
49388,1
187812,1
58035,2
137662,3
54338,2
117487,1
73460,1
124101,1
54258,1
122204,1
122536,1
150420,4
101326,2
29692,1
30395,1
157451,1
29938,2
54272,1
14464,3
17197,1
122440,1
11669,1
34765,1
125100,1
50350,2
158227,1
48637,1
76881,1
79999,1
50278,1
122694,1
75137,1
130008,1
4211,1
151373,1
147651,4
179863,1
132683,2
57945,3
12516,1
78819,2
29715,1
19519,3
151125,4
123137,1
66664,2
63722,2
3948,1
76977,1
88882,3
37548,1
49472,1
170220,1
69841,1
75713,2
137674,1
96954,1
94085,3
30001,1
124965,3
68025,1
30178,6
18402,1
57917,2
20148,1
100290,1
79575,2
80769,1
70069,2
94742,1
122418,1
73572,1
51077,2
51045,2
5380,2
68161,1
30193,2
132244,1
79080,2
65251,1
94209,1
25846,1
22265,1
133641,2
49620,2
32775,2
9802,1
47086,3
3516,3
154208,1
16398,1
138899,1
3648,1
176614,1
124120,2
174578,1
54390,1
80057,1
184810,1
122404,1
5579,1
50160,1
57543,2
65069,1
122516,1
65587,1
54354,1
63200,2
123067,2
69849,1
65207,1
81053,1
11555,1
122242,1
81406,2
40737,2
47666,1
171138,3
122300,1
116632,1
50022,1
21258,1
90641,1
124411,1
64947,1
157657,1
98724,1
73484,2
64841,2
79931,2
50106,1
147445,1
137688,1
78711,1
42967,1
153379,2
63928,1
139639,1
64799,1
30451,2
10793,1
58191,3
72090,1
130488,1
3399,1
51029,1
148464,1
63480,1
64981,1
73656,1
123011,1
95785,1
80268,2
50194,1
50740,1
49122,1
16846,1
176248,1
66678,1
70125,1
75715,1
43084,1
11847,1
21263,1
2927,1
81100,1
30263,1
49062,1
91207,1
75659,1
49840,1
123115,1
94075,1
38455,1
154462,1
49308,2
123203,1
89052,1
124389,1
154166,1
22858,1
163513,1
151435,1
101222,1
145348,1
11587,1
90681,1
58271,2
104029,1
79973,1
90160,2
29895,1
83054,1
54020,1
44419,1
80178,1
171380,1
122224,1
57593,1
91229,1
80556,1
122376,1
157599,1
63366,1
91037,1
81137,1
49558,1
20003,2
65127,1
86190,2
145741,1
19505,2
176756,1
30329,1
49370,1
21836,1
74913,1
21897,1
11497,1
104171,2
73921,1
55160,1
11639,1
122602,2
90354,1
91395,1
73881,1
53942,1
29994,1
189194,1
66790,1
163525,1
173403,1
10892,2
133639,1
170944,1
94510,1
153029,1
149762,1
64631,1
171560,1
150418,1
48723,1
9933,1
32733,1
69411,1
29621,1
132695,2
21117,1
73991,1
94099,1
73987,1
41988,1
65101,1
94494,1
153867,1
122492,1
90334,1
31175,1
30908,1
